<?xml version="1.0" encoding="utf-8" ?>
<dwsync>
<file name="act-subpages.js" server="www.yoktemplates.com/Previews/act/actv1/" local="130547855002578592" remote="130804442400000000" Dst="2" />
<file name="jquery.easing.min.js" server="www.yoktemplates.com/Previews/act/actv1/" local="130522768641922344" remote="130804442400000000" Dst="2" />
<file name="jquery-1.11.0.js" server="www.yoktemplates.com/Previews/act/actv1/" local="130522768642182359" remote="130804442400000000" Dst="2" />
<file name="isotope.pkgd.min.js" server="www.yoktemplates.com/Previews/act/actv1/" local="130527616744115392" remote="130804442400000000" Dst="2" />
<file name="isotope-custom.js" server="www.yoktemplates.com/Previews/act/actv1/" local="130546779495721246" remote="130804442400000000" Dst="2" />
<file name="moment.js" server="www.yoktemplates.com/Previews/act/actv1/" local="130500880804798065" remote="130804442400000000" Dst="2" />
<file name="fullcalendar-custom.js" server="www.yoktemplates.com/Previews/act/actv1/" local="130547674372930208" remote="130804442400000000" Dst="2" />
<file name="act.js" server="www.yoktemplates.com/Previews/act/actv1/" local="130804574884237226" remote="130804492200000000" Dst="2" />
<file name="modernizr.js" server="www.yoktemplates.com/Previews/act/actv1/" local="130804573597920511" remote="130804491600000000" Dst="2" />
</dwsync>