<?xml version="1.0" encoding="utf-8" ?>
<dwsync>
<file name=".htaccess" server="www.yoktemplates.com/Previews/act/actv1/" local="130467188340000000" remote="130804441800000000" Dst="2" />
<file name="404.html" server="www.yoktemplates.com/Previews/act/actv1/" local="130546563621977614" remote="130804441800000000" Dst="2" />
<file name="adaptive-images.php" server="www.yoktemplates.com/Previews/act/actv1/" local="130467188340000000" remote="130804442400000000" Dst="2" />
<file name="blog-author.html" server="www.yoktemplates.com/Previews/act/actv1/" local="130547888274431633" remote="130804442400000000" Dst="2" />
<file name="blog-hero.html" server="www.yoktemplates.com/Previews/act/actv1/" local="130547887046121378" remote="130804442400000000" Dst="2" />
<file name="blog-home.html" server="www.yoktemplates.com/Previews/act/actv1/" local="130546589265940128" remote="130804442400000000" Dst="2" />
<file name="blog-isotope.html" server="www.yoktemplates.com/Previews/act/actv1/" local="130547881395318170" remote="130804442400000000" Dst="2" />
<file name="blog-masonry.html" server="www.yoktemplates.com/Previews/act/actv1/" local="130527622464012551" remote="130804442400000000" Dst="2" />
<file name="blog-post.html" server="www.yoktemplates.com/Previews/act/actv1/" local="130546563625117794" remote="130804442400000000" Dst="2" />
<file name="calendar.html" server="www.yoktemplates.com/Previews/act/actv1/" local="130547856820912595" remote="130804442400000000" Dst="2" />
<file name="campaigns.html" server="www.yoktemplates.com/Previews/act/actv1/" local="130713498043909321" remote="130804442400000000" Dst="2" />
<file name="causes.html" server="www.yoktemplates.com/Previews/act/actv1/" local="130712823657753341" remote="130804442400000000" Dst="2" />
<file name="contact.php" server="www.yoktemplates.com/Previews/act/actv1/" local="129908115580000000" remote="130804442400000000" Dst="2" />
<file name="donors.html" server="www.yoktemplates.com/Previews/act/actv1/" local="130546563647799091" remote="130804442400000000" Dst="2" />
<file name="events-list.html" server="www.yoktemplates.com/Previews/act/actv1/" local="130712900898041233" remote="130804442400000000" Dst="2" />
<file name="index.html" server="www.yoktemplates.com/Previews/act/actv1/" local="130804599949518258" remote="130804491600000000" Dst="2" />
<file name="layout-modes.html" server="www.yoktemplates.com/Previews/act/actv1/" local="130527624098986067" remote="130804442400000000" Dst="2" />
<file name="masonry.html" server="www.yoktemplates.com/Previews/act/actv1/" local="130527850440082509" remote="130804443000000000" Dst="2" />
<file name="sample-campaign.html" server="www.yoktemplates.com/Previews/act/actv1/" local="130546563648539134" remote="130804443000000000" Dst="2" />
<file name="sample_div_mask.html" server="www.yoktemplates.com/Previews/act/actv1/" local="130712930771118661" remote="130804443000000000" Dst="2" />
<file name="team.html" server="www.yoktemplates.com/Previews/act/actv1/" local="130547866778782152" remote="130804443000000000" Dst="2" />
</dwsync>