<?xml version="1.0" encoding="utf-8" ?>
<dwsync>
<file name="preloader.GIF" server="www.yoktemplates.com/Previews/act/actv1/" local="130526313349467118" remote="130804442400000000" Dst="2" />
<file name="volunteer-bg.jpg" server="www.yoktemplates.com/Previews/act/actv1/" local="130522149767505617" remote="130804442400000000" Dst="2" />
<file name="gal-bg-children-01.jpg" server="www.yoktemplates.com/Previews/act/actv1/" local="130485218822492949" remote="130804442400000000" Dst="2" />
<file name="overlay_diagonal_dark.png" server="www.yoktemplates.com/Previews/act/actv1/" local="130521953203792816" remote="130804442400000000" Dst="2" />
<file name="intro-bg.jpg" server="www.yoktemplates.com/Previews/act/actv1/" local="130521937326064662" remote="130804442400000000" Dst="2" />
<file name="overlay_diagonal_light.png" server="www.yoktemplates.com/Previews/act/actv1/" local="130513102103396112" remote="130804442400000000" Dst="2" />
<file name="logo.svg" server="www.yoktemplates.com/Previews/act/actv1/" local="130521970397126218" remote="130804442400000000" Dst="2" />
<file name="tn_user_04.jpg" server="www.yoktemplates.com/Previews/act/actv1/" local="130511141754412337" remote="130804442400000000" Dst="2" />
<file name="tn-xs-02.jpg" server="www.yoktemplates.com/Previews/act/actv1/" local="130509527443156758" remote="130804442400000000" Dst="2" />
<file name="gal-tn-children-03.jpg" server="www.yoktemplates.com/Previews/act/actv1/" local="130485227392023098" remote="130804442400000000" Dst="2" />
<file name="gal-bg-children-02.jpg" server="www.yoktemplates.com/Previews/act/actv1/" local="130485221810343844" remote="130804442400000000" Dst="2" />
<file name="tn-xs-03.jpg" server="www.yoktemplates.com/Previews/act/actv1/" local="130508876651229847" remote="130804442400000000" Dst="2" />
<file name="tn-xs-04.jpg" server="www.yoktemplates.com/Previews/act/actv1/" local="130509526876464345" remote="130804442400000000" Dst="2" />
<file name="carousel-tn-children-01.png" server="www.yoktemplates.com/Previews/act/actv1/" local="130517456565562439" remote="130804442400000000" Dst="2" />
<file name="gal-tn-women.jpg" server="www.yoktemplates.com/Previews/act/actv1/" local="130485400078557387" remote="130804442400000000" Dst="2" />
<file name="gal-tn-man-02.jpg" server="www.yoktemplates.com/Previews/act/actv1/" local="130501194431667046" remote="130804442400000000" Dst="2" />
<file name="blog-bg-volun-01.jpg" server="www.yoktemplates.com/Previews/act/actv1/" local="130509563379688635" remote="130804442400000000" Dst="2" />
<file name="blog-bg-man-01.jpg" server="www.yoktemplates.com/Previews/act/actv1/" local="130510626241451739" remote="130804442400000000" Dst="2" />
<file name="blog-bg-school-01.jpg" server="www.yoktemplates.com/Previews/act/actv1/" local="130509564489952139" remote="130804442400000000" Dst="2" />
<file name="blog-bg-children-02.jpg" server="www.yoktemplates.com/Previews/act/actv1/" local="130508897934677191" remote="130804442400000000" Dst="2" />
<file name="gal-bg-hands-01.jpg" server="www.yoktemplates.com/Previews/act/actv1/" local="130485259448896646" remote="130804442400000000" Dst="2" />
<file name="gal-bg-women.jpg" server="www.yoktemplates.com/Previews/act/actv1/" local="130485399411149214" remote="130804442400000000" Dst="2" />
<file name="gal-bg-feet-01.jpg" server="www.yoktemplates.com/Previews/act/actv1/" local="130485393724973983" remote="130804442400000000" Dst="2" />
<file name="gal-bg-man-01.jpg" server="www.yoktemplates.com/Previews/act/actv1/" local="130485230835960080" remote="130804442400000000" Dst="2" />
<file name="blog-bg-man-01b.jpg" server="www.yoktemplates.com/Previews/act/actv1/" local="130510626649955104" remote="130804442400000000" Dst="2" />
<file name="tn_user_02.jpg" server="www.yoktemplates.com/Previews/act/actv1/" local="130511141254693755" remote="130804442400000000" Dst="2" />
<file name="tn_user_05.jpg" server="www.yoktemplates.com/Previews/act/actv1/" local="130511141541100137" remote="130804442400000000" Dst="2" />
<file name="tn_user_06.jpg" server="www.yoktemplates.com/Previews/act/actv1/" local="130511142681995392" remote="130804442400000000" Dst="2" />
<file name="campaign-bg-man-01b.jpg" server="www.yoktemplates.com/Previews/act/actv1/" local="130713494566350416" remote="130804442400000000" Dst="2" />
<file name="gal-tn-feet-01.jpg" server="www.yoktemplates.com/Previews/act/actv1/" local="130485394781914437" remote="130804442400000000" Dst="2" />
<file name="campaign-bg-child-01b.jpg" server="www.yoktemplates.com/Previews/act/actv1/" local="130713497332458628" remote="130804442400000000" Dst="2" />
<file name="tn-xs-07.jpg" server="www.yoktemplates.com/Previews/act/actv1/" local="130712748181976374" remote="130804442400000000" Dst="2" />
<file name="gal-bg-man-02.jpg" server="www.yoktemplates.com/Previews/act/actv1/" local="130485386629848165" remote="130804442400000000" Dst="2" />
<file name="tn-xs-08.jpg" server="www.yoktemplates.com/Previews/act/actv1/" local="130712749558645115" remote="130804442400000000" Dst="2" />
<file name="donor_05.jpg" server="www.yoktemplates.com/Previews/act/actv1/" local="130511259981686734" remote="130804442400000000" Dst="2" />
<file name="donor_07.jpg" server="www.yoktemplates.com/Previews/act/actv1/" local="130511263744601960" remote="130804442400000000" Dst="2" />
<file name="donor_09.jpg" server="www.yoktemplates.com/Previews/act/actv1/" local="130511270459956056" remote="130804442400000000" Dst="2" />
<file name="donor_15.jpg" server="www.yoktemplates.com/Previews/act/actv1/" local="130511289087977894" remote="130804442400000000" Dst="2" />
<file name="donor_13.jpg" server="www.yoktemplates.com/Previews/act/actv1/" local="130511285437606525" remote="130804442400000000" Dst="2" />
<file name="donor_06.jpg" server="www.yoktemplates.com/Previews/act/actv1/" local="130511262349682175" remote="130804442400000000" Dst="2" />
<file name="donor_12.jpg" server="www.yoktemplates.com/Previews/act/actv1/" local="130511284226717266" remote="130804442400000000" Dst="2" />
<file name="donor_14.jpg" server="www.yoktemplates.com/Previews/act/actv1/" local="130511289892368768" remote="130804442400000000" Dst="2" />
<file name="donor_08.jpg" server="www.yoktemplates.com/Previews/act/actv1/" local="130511265713254560" remote="130804442400000000" Dst="2" />
<file name="donor_10.jpg" server="www.yoktemplates.com/Previews/act/actv1/" local="130511271529237216" remote="130804442400000000" Dst="2" />
<file name="donor_11.jpg" server="www.yoktemplates.com/Previews/act/actv1/" local="130511278419995653" remote="130804442400000000" Dst="2" />
<file name="donor_04.jpg" server="www.yoktemplates.com/Previews/act/actv1/" local="130511243186934019" remote="130804442400000000" Dst="2" />
<file name="tn-xs-01.jpg" server="www.yoktemplates.com/Previews/act/actv1/" local="130508875981041515" remote="130804442400000000" Dst="2" />
<file name="gal-spacer.png" server="www.yoktemplates.com/Previews/act/actv1/" local="130503479503071023" remote="130804442400000000" Dst="2" />
<file name="tn-xs-06.jpg" server="www.yoktemplates.com/Previews/act/actv1/" local="130517527778531120" remote="130804442400000000" Dst="2" />
<file name="tn-xs-05.png" server="www.yoktemplates.com/Previews/act/actv1/" local="130517526820606330" remote="130804442400000000" Dst="2" />
<file name="gal-tn-children-02.jpg" server="www.yoktemplates.com/Previews/act/actv1/" local="130485222365765612" remote="130804442400000000" Dst="2" />
<file name="gal-tn-hands-01.jpg" server="www.yoktemplates.com/Previews/act/actv1/" local="130485259972946620" remote="130804442400000000" Dst="2" />
<file name="gal-tn-children-01.jpg" server="www.yoktemplates.com/Previews/act/actv1/" local="130517456779434672" remote="130804442400000000" Dst="2" />
<file name="map-marker.svg" server="www.yoktemplates.com/Previews/act/actv1/" local="130193467860060591" remote="130804442400000000" Dst="2" />
<file name="logo-seed.svg" server="www.yoktemplates.com/Previews/act/actv1/" local="130521734690961831" remote="130804443000000000" Dst="2" />
<file name="logo-NLONY.svg" server="www.yoktemplates.com/Previews/act/actv1/" local="130521734904824063" remote="130804443000000000" Dst="2" />
<file name="logo-worldrefugees.svg" server="www.yoktemplates.com/Previews/act/actv1/" local="130521735552762910" remote="130804443000000000" Dst="2" />
<file name="logo-star.svg" server="www.yoktemplates.com/Previews/act/actv1/" local="130521735193200558" remote="130804443000000000" Dst="2" />
<file name="logo-envato.svg" server="www.yoktemplates.com/Previews/act/actv1/" local="130521733127562410" remote="130804443000000000" Dst="2" />
<file name="logo-wrf.svg" server="www.yoktemplates.com/Previews/act/actv1/" local="130521735721605575" remote="130804443000000000" Dst="2" />
<file name="tn_user_08.jpg" server="www.yoktemplates.com/Previews/act/actv1/" local="130521514716229950" remote="130804443000000000" Dst="2" />
<file name="tn_user_07.jpg" server="www.yoktemplates.com/Previews/act/actv1/" local="130521514464609648" remote="130804443000000000" Dst="2" />
<file name="donor_01.jpg" server="www.yoktemplates.com/Previews/act/actv1/" local="130511239316654177" remote="130804443000000000" Dst="2" />
<file name="donor_02.jpg" server="www.yoktemplates.com/Previews/act/actv1/" local="130511239691613518" remote="130804443000000000" Dst="2" />
<file name="donor_03.jpg" server="www.yoktemplates.com/Previews/act/actv1/" local="130511240282550146" remote="130804443000000000" Dst="2" />
<file name="World_map_blank_gmt.svg" server="www.yoktemplates.com/Previews/act/actv1/" local="130521640324584795" remote="130804443000000000" Dst="2" />
</dwsync>